
	<!DOCTYPE project [
		<!ELEMENT project (objectids-table | current-scenario | duration | aggregation-period | truncated-mean | percentile)* >
	
		<!ELEMENT objectids-table (objectids-entry)* >
		<!ELEMENT objectids-entry (#PCDATA)>
		<!ELEMENT duration (#PCDATA)>
		<!ELEMENT truncated-mean (#PCDATA)>
		<!ELEMENT percentile (#PCDATA)>
		<!ELEMENT aggregation-period (#PCDATA)>
		<!ELEMENT current-scenario (#PCDATA)>
		<!ATTLIST duration
		    value CDATA #REQUIRED>
	    <!ATTLIST aggregation-period
		    value CDATA #REQUIRED>
		<!ATTLIST objectids-entry
		    objectid CDATA #REQUIRED
		    type CDATA #REQUIRED
		    value CDATA #REQUIRED
		    key CDATA #REQUIRED>
		<!ATTLIST truncated-mean
		    centered-interval CDATA #REQUIRED
		    percentage CDATA #REQUIRED>
		 <!ATTLIST percentile
		    percentage CDATA #REQUIRED>
	]>


<!--****** RUNTIME PROJECT ******--><project>
<!--****** CURRENT SCENARIO ******-->
<current-scenario>scenario1</current-scenario>
<!--****** OBJECTIDS ******-->
<objectids-table>
<objectids-entry key="" objectid="0" type="LG_HOST" value="localhost:7100"/>
<objectids-entry key="" objectid="1" type="ZONE" value="Default zone"/>
<objectids-entry key="Default zone¤Population1¤" objectid="2" type="POPULATION" value="Population1"/>
<objectids-entry key="Default zone¤Population1¤Demo1_recording_2" objectid="3" type="VIRTUAL_USER" value="Demo1_recording_2"/>
<objectids-entry key="Default zone¤Population1¤Demo1_recording_2" objectid="4" type="BASIC_LOGICAL_CONTAINER" value="$parent=Demo1_recording_2;$index=0"/>
<objectids-entry key="Default zone¤Population1¤Demo1_recording_2" objectid="5" type="BASIC_LOGICAL_CONTAINER" value="78ced7e2-8bd5-4bd5-aec3-1a4c373e0ed7"/>
<objectids-entry key="Default zone¤Population1¤Demo1_recording_2" objectid="6" type="HTTP_PAGE" value="1ceb7264-7b44-4ecb-a910-7c19653d84ce"/>
<objectids-entry key="Default zone¤Population1¤Demo1_recording_2" objectid="7" type="ACTION" value="5ab4e015-ccfa-4679-9d19-699933e4eacf"/>
<objectids-entry key="Default zone¤Population1¤Demo1_recording_2" objectid="8" type="ACTION" value="30874249-1893-4827-96f8-1c5e2f842eec"/>
<objectids-entry key="Default zone¤Population1¤Demo1_recording_2" objectid="9" type="ACTION" value="0b99ba37-f677-42a3-b83d-0dcf31c7f6ae"/>
<objectids-entry key="Default zone¤Population1¤Demo1_recording_2" objectid="10" type="ACTION" value="70891199-296c-4eff-8d3a-da9d3bd70105"/>
<objectids-entry key="Default zone¤Population1¤Demo1_recording_2" objectid="11" type="ACTION" value="9da3eda1-dc73-43da-bfac-850736be6051"/>
<objectids-entry key="Default zone¤Population1¤Demo1_recording_2" objectid="12" type="ACTION" value="a3846925-6356-4a21-bb5e-40aba0d367a8"/>
<objectids-entry key="Default zone¤Population1¤Demo1_recording_2" objectid="13" type="ACTION" value="7d48b6a9-16b3-4fb9-86f1-d55d6fdbef85"/>
<objectids-entry key="Default zone¤Population1¤Demo1_recording_2" objectid="14" type="ACTION" value="e06044cf-e9c7-4f33-be69-488474ebddb7"/>
<objectids-entry key="Default zone¤Population1¤Demo1_recording_2" objectid="15" type="ACTION" value="e1edd215-1dbd-4d9c-96cf-b5486f6cdaaf"/>
<objectids-entry key="Default zone¤Population1¤Demo1_recording_2" objectid="16" type="ACTION" value="6d731f8d-c42d-42a0-9b9b-dbcaa3b0f6ae"/>
<objectids-entry key="Default zone¤Population1¤Demo1_recording_2" objectid="17" type="ACTION" value="69ad2b18-bbdf-4516-8eec-1c3d0f0e2ab7"/>
<objectids-entry key="Default zone¤Population1¤Demo1_recording_2" objectid="18" type="BASIC_LOGICAL_CONTAINER" value="$parent=Demo1_recording_2;$index=1"/>
<objectids-entry key="Default zone¤Population1¤Demo1_recording_2" objectid="19" type="BASIC_LOGICAL_CONTAINER" value="aa057b54-e68c-4430-992b-eaf973c959e6"/>
<objectids-entry key="Default zone¤Population1¤Demo1_recording_2" objectid="20" type="HTTP_PAGE" value="c1233469-1b1c-4505-ba10-a4279a489897"/>
<objectids-entry key="Default zone¤Population1¤Demo1_recording_2" objectid="21" type="ACTION" value="5a76657e-87c2-4feb-8be0-d8255fc4fb0e"/>
<objectids-entry key="Default zone¤Population1¤Demo1_recording_2" objectid="22" type="HTTP_PAGE" value="2b83d9ba-60c0-4317-999b-1f167039c1f8"/>
<objectids-entry key="Default zone¤Population1¤Demo1_recording_2" objectid="23" type="ACTION" value="845d3968-9720-4d5d-8946-56a61b67f22b"/>
<objectids-entry key="Default zone¤Population1¤Demo1_recording_2" objectid="24" type="ACTION" value="3bcd7eb0-b011-4e3e-8446-35c59e689c24"/>
<objectids-entry key="Default zone¤Population1¤Demo1_recording_2" objectid="25" type="ACTION" value="cea248b7-76b6-45bf-861a-fc51ea4a5cdc"/>
<objectids-entry key="Default zone¤Population1¤Demo1_recording_2" objectid="26" type="ACTION" value="8432e2d3-2691-459e-8b12-336f0535d93b"/>
<objectids-entry key="Default zone¤Population1¤Demo1_recording_2" objectid="27" type="ACTION" value="561bdbfd-5b76-43dd-bb3d-ce3660026ce0"/>
<objectids-entry key="Default zone¤Population1¤Demo1_recording_2" objectid="28" type="ACTION" value="59a07c07-b660-4ac0-bc90-d9a03dbd6a93"/>
<objectids-entry key="Default zone¤Population1¤Demo1_recording_2" objectid="29" type="ACTION" value="83425f9a-dea2-462f-aafa-2e6da8e0d081"/>
<objectids-entry key="Default zone¤Population1¤Demo1_recording_2" objectid="30" type="ACTION" value="f0b233c5-06a2-4526-ad0b-c668b21528a6"/>
<objectids-entry key="Default zone¤Population1¤Demo1_recording_2" objectid="31" type="ACTION" value="b1c829ca-5dd2-4fae-8eb4-66bc4cc185da"/>
<objectids-entry key="Default zone¤Population1¤Demo1_recording_2" objectid="32" type="ACTION" value="d80e7429-5bd8-4f3f-ac08-e5f8e321f7c7"/>
<objectids-entry key="Default zone¤Population1¤Demo1_recording_2" objectid="33" type="ACTION" value="e814d802-b0a0-4cfe-943b-7afce629f375"/>
<objectids-entry key="Default zone¤Population1¤Demo1_recording_2" objectid="34" type="ACTION" value="4c08bd87-08e4-4fb0-9ede-4329d2fbae03"/>
<objectids-entry key="Default zone¤Population1¤Demo1_recording_2" objectid="35" type="ACTION" value="34cc1fc4-4986-492e-9d25-105fbbbb443a"/>
<objectids-entry key="Default zone¤Population1¤Demo1_recording_2" objectid="36" type="ACTION" value="770f99b6-2ad1-4295-b97e-df9e359c1870"/>
<objectids-entry key="Default zone¤Population1¤Demo1_recording_2" objectid="37" type="ACTION" value="253754d9-19ae-45f0-be20-35037f58ad99"/>
<objectids-entry key="Default zone¤Population1¤Demo1_recording_2" objectid="38" type="ACTION" value="0fc9bda3-2e72-4958-9730-f4e63f2fd073"/>
<objectids-entry key="Default zone¤Population1¤Demo1_recording_2" objectid="39" type="ACTION" value="0292dfa5-9bb1-4bfc-ab98-c21f158aaa7a"/>
<objectids-entry key="Default zone¤Population1¤Demo1_recording_2" objectid="40" type="ACTION" value="1a98b02f-905b-4dbd-ad60-0ed4f21ca9ac"/>
<objectids-entry key="Default zone¤Population1¤Demo1_recording_2" objectid="41" type="ACTION" value="e88f553c-93b4-488d-8424-1145afb51fd1"/>
<objectids-entry key="Default zone¤Population1¤Demo1_recording_2" objectid="42" type="ACTION" value="c89a5703-6c27-42b3-9c6b-09a1a3f54e05"/>
<objectids-entry key="Default zone¤Population1¤Demo1_recording_2" objectid="43" type="ACTION" value="884ddff7-272a-44a5-9ca9-1ddb97d76f54"/>
<objectids-entry key="Default zone¤Population1¤Demo1_recording_2" objectid="44" type="BASIC_LOGICAL_CONTAINER" value="9088f523-0dce-4c5c-9f5d-07ddfe002caf"/>
<objectids-entry key="Default zone¤Population1¤Demo1_recording_2" objectid="45" type="HTTP_PAGE" value="faeaef0e-68d3-47b2-b033-1db142cb5476"/>
<objectids-entry key="Default zone¤Population1¤Demo1_recording_2" objectid="46" type="ACTION" value="7869a8bc-9522-4155-87ad-ae853a5f92f0"/>
<objectids-entry key="Default zone¤Population1¤Demo1_recording_2" objectid="47" type="HTTP_PAGE" value="0864b098-5537-477a-94bf-ac2c3c06d8ef"/>
<objectids-entry key="Default zone¤Population1¤Demo1_recording_2" objectid="48" type="ACTION" value="cf513a2e-03e1-4115-8c0a-74deaba482e7"/>
<objectids-entry key="Default zone¤Population1¤Demo1_recording_2" objectid="49" type="ACTION" value="f7dc5ce8-48e3-47c3-8ab8-9a7db29dd236"/>
<objectids-entry key="Default zone¤Population1¤Demo1_recording_2" objectid="50" type="ACTION" value="1ca6d262-8fd8-49ee-ad96-6beecbed6a8d"/>
<objectids-entry key="Default zone¤Population1¤Demo1_recording_2" objectid="51" type="ACTION" value="68df256e-0dc4-49c9-b055-c4d550acf580"/>
<objectids-entry key="Default zone¤Population1¤Demo1_recording_2" objectid="52" type="ACTION" value="157c97a3-5eb8-4bc6-9150-e30884cbb59f"/>
<objectids-entry key="Default zone¤Population1¤Demo1_recording_2" objectid="53" type="ACTION" value="80445da5-4af1-46e1-8c38-cc9aa17510dc"/>
<objectids-entry key="Default zone¤Population1¤Demo1_recording_2" objectid="54" type="ACTION" value="a280f109-c77d-4365-9be0-939daddde35a"/>
<objectids-entry key="Default zone¤Population1¤Demo1_recording_2" objectid="55" type="ACTION" value="481dec65-b58c-4178-82d8-1702f1dd9a77"/>
<objectids-entry key="Default zone¤Population1¤Demo1_recording_2" objectid="56" type="ACTION" value="90f4c2de-be2d-40b3-a607-a6a3c63ea8c5"/>
<objectids-entry key="Default zone¤Population1¤Demo1_recording_2" objectid="57" type="ACTION" value="79f4808f-af10-4c6d-b6c4-552b19dc258b"/>
<objectids-entry key="Default zone¤Population1¤Demo1_recording_2" objectid="58" type="ACTION" value="744e3036-3777-4e8e-9f77-60860a2cb3d3"/>
<objectids-entry key="Default zone¤Population1¤Demo1_recording_2" objectid="59" type="ACTION" value="66144d3d-0cf2-4777-bdf3-344aefd66acb"/>
<objectids-entry key="Default zone¤Population1¤Demo1_recording_2" objectid="60" type="ACTION" value="bd8600af-312c-46dc-82d1-4e0c226f5f89"/>
<objectids-entry key="Default zone¤Population1¤Demo1_recording_2" objectid="61" type="ACTION" value="b21239ed-f1ee-41eb-9741-0cb41c77c360"/>
<objectids-entry key="Default zone¤Population1¤Demo1_recording_2" objectid="62" type="ACTION" value="22afe2a9-a86d-4e20-a1ca-d91f810d35a7"/>
<objectids-entry key="Default zone¤Population1¤Demo1_recording_2" objectid="63" type="ACTION" value="dc79717f-b5d6-435b-8ecd-761c10b33688"/>
<objectids-entry key="Default zone¤Population1¤Demo1_recording_2" objectid="64" type="ACTION" value="20f99c52-0d8d-4a48-8abb-bf66bb130125"/>
<objectids-entry key="Default zone¤Population1¤Demo1_recording_2" objectid="65" type="ACTION" value="955dadb8-054f-4305-bc5f-3edf45b5da3e"/>
<objectids-entry key="Default zone¤Population1¤Demo1_recording_2" objectid="66" type="ACTION" value="a1d85605-f329-4780-9bfa-b75e6bbdf238"/>
<objectids-entry key="Default zone¤Population1¤Demo1_recording_2" objectid="67" type="ACTION" value="c7082113-53ef-4ad1-b3fc-4c0dd130d977"/>
<objectids-entry key="Default zone¤Population1¤Demo1_recording_2" objectid="68" type="BASIC_LOGICAL_CONTAINER" value="89b33775-17ce-4ec1-b9c7-bf81a0e19d7c"/>
<objectids-entry key="Default zone¤Population1¤Demo1_recording_2" objectid="69" type="HTTP_PAGE" value="b86150c6-005d-4a65-b8a1-e2bd902d3fe4"/>
<objectids-entry key="Default zone¤Population1¤Demo1_recording_2" objectid="70" type="ACTION" value="0ce81cdd-c0ef-4a44-b6c1-c120a42c2e08"/>
<objectids-entry key="Default zone¤Population1¤Demo1_recording_2" objectid="71" type="HTTP_PAGE" value="1bedaebd-2d7f-4df0-bfcf-d63981502d22"/>
<objectids-entry key="Default zone¤Population1¤Demo1_recording_2" objectid="72" type="ACTION" value="3659f602-7fc1-4883-9aa3-20d4edb60ee0"/>
<objectids-entry key="Default zone¤Population1¤Demo1_recording_2" objectid="73" type="ACTION" value="be02e25d-1c02-4951-b71d-cad2acbb02de"/>
<objectids-entry key="Default zone¤Population1¤Demo1_recording_2" objectid="74" type="ACTION" value="a86b77f8-76b6-4b79-95a8-9a3c8654458f"/>
<objectids-entry key="Default zone¤Population1¤Demo1_recording_2" objectid="75" type="ACTION" value="7394c8b6-84dd-4ab7-91a3-a1caa75617cc"/>
<objectids-entry key="Default zone¤Population1¤Demo1_recording_2" objectid="76" type="ACTION" value="d0309ff0-1938-4f2d-b7de-623a7f168229"/>
<objectids-entry key="Default zone¤Population1¤Demo1_recording_2" objectid="77" type="ACTION" value="ab96aaea-0899-4feb-b16f-93a829b4d473"/>
<objectids-entry key="Default zone¤Population1¤Demo1_recording_2" objectid="78" type="ACTION" value="cf97182a-96b3-4b66-a264-1024c5ec5c96"/>
<objectids-entry key="Default zone¤Population1¤Demo1_recording_2" objectid="79" type="ACTION" value="9a9d5675-2dc1-4ccc-b708-94c6f319a32f"/>
<objectids-entry key="Default zone¤Population1¤Demo1_recording_2" objectid="80" type="ACTION" value="ead47c0e-e860-48da-a191-a3aed95293bd"/>
<objectids-entry key="Default zone¤Population1¤Demo1_recording_2" objectid="81" type="ACTION" value="ad99748a-6456-46eb-9ba3-a1ecb5529862"/>
<objectids-entry key="Default zone¤Population1¤Demo1_recording_2" objectid="82" type="ACTION" value="8806d3a7-2b5b-4591-b998-575a6c35e5c4"/>
<objectids-entry key="Default zone¤Population1¤Demo1_recording_2" objectid="83" type="ACTION" value="8e01efba-b033-4355-85e6-3024210f40d6"/>
<objectids-entry key="Default zone¤Population1¤Demo1_recording_2" objectid="84" type="ACTION" value="c3d5fa9a-353a-4331-830c-a27fb7df1e6c"/>
<objectids-entry key="Default zone¤Population1¤Demo1_recording_2" objectid="85" type="ACTION" value="f969adf4-627f-4118-b54b-55ad048b21f3"/>
<objectids-entry key="Default zone¤Population1¤Demo1_recording_2" objectid="86" type="ACTION" value="8c02cc7a-98e6-4f31-8590-573d79e452a6"/>
<objectids-entry key="Default zone¤Population1¤Demo1_recording_2" objectid="87" type="ACTION" value="1ba5047f-2133-4e92-99fe-7db9cdea37eb"/>
<objectids-entry key="Default zone¤Population1¤Demo1_recording_2" objectid="88" type="ACTION" value="673ea40f-9487-4466-a59b-06e50ec79c1a"/>
<objectids-entry key="Default zone¤Population1¤Demo1_recording_2" objectid="89" type="ACTION" value="a3495c04-9ab8-4fa0-a1f3-b00fafac0018"/>
<objectids-entry key="Default zone¤Population1¤Demo1_recording_2" objectid="90" type="ACTION" value="ffdd9f37-4c2e-4a42-a7c7-8a2ab0036d27"/>
<objectids-entry key="Default zone¤Population1¤Demo1_recording_2" objectid="91" type="BASIC_LOGICAL_CONTAINER" value="$parent=Demo1_recording_2;$index=2"/>
<objectids-entry key="Default zone¤Population1¤Demo1_recording_2" objectid="92" type="BASIC_LOGICAL_CONTAINER" value="c7287aa0-c2de-4998-99c0-e1be810b5cc4"/>
<objectids-entry key="Default zone¤Population1¤Demo1_recording_2" objectid="93" type="HTTP_PAGE" value="5a45476e-5756-4ad4-b0de-d73a7011f062"/>
<objectids-entry key="Default zone¤Population1¤Demo1_recording_2" objectid="94" type="ACTION" value="53753124-e046-4a59-a6f3-3dcab21a9441"/>
<objectids-entry key="Default zone¤Population1¤Demo1_recording_2" objectid="95" type="ACTION" value="ccdfb242-bb99-4392-b844-892a954e05b0"/>
<objectids-entry key="Default zone¤Population1¤Demo1_recording_2" objectid="96" type="ACTION" value="4320a877-9b2e-46b9-b54d-f74c38577c3d"/>
<objectids-entry key="Default zone¤Population1¤Demo1_recording_2" objectid="97" type="ACTION" value="d5294f31-1a86-42bc-b96b-7c58cfaa9622"/>
<objectids-entry key="Default zone¤Population1¤Demo1_recording_2" objectid="98" type="ACTION" value="1142f9dd-cb96-4043-be8f-66035b2854a7"/>
<objectids-entry key="Default zone¤Population1¤Demo1_recording_2" objectid="99" type="ACTION" value="c255f104-b4c6-430d-8614-5cfb588fde9e"/>
<objectids-entry key="Default zone¤Population1¤Demo1_recording_2" objectid="100" type="ACTION" value="e519b1e7-8b86-4ab9-b76b-0172f1703f93"/>
<objectids-entry key="Default zone¤Population1¤Demo1_recording_2" objectid="101" type="ACTION" value="41a0b30f-2f5b-4894-8f1e-82e16656bb9f"/>
<objectids-entry key="Default zone¤Population1¤Demo1_recording_2" objectid="102" type="ACTION" value="ea0b527b-4ed1-416e-80d0-02854481b67c"/>
<objectids-entry key="Default zone¤Population1¤Demo1_recording_2" objectid="103" type="ACTION" value="af9f6bc0-c123-461a-a3cc-22cfd8f4270e"/>
<objectids-entry key="Default zone¤Population1¤Demo1_recording_2" objectid="104" type="ACTION" value="540b8005-ab63-47cf-bd46-6b5178f270d6"/>
<objectids-entry key="Default zone¤Population1¤Demo1_recording_2" objectid="105" type="ACTION" value="3ea979d2-1716-471f-8334-dca7716a6cd1"/>
<objectids-entry key="Default zone¤Population1¤Demo1_recording_2" objectid="106" type="ACTION" value="4cb1a394-d659-47b7-86ef-e387cf0705c2"/>
<objectids-entry key="Default zone¤Population1¤Demo1_recording_2" objectid="107" type="ACTION" value="934e3f9c-15f5-4445-b97c-a958f9969edf"/>
<objectids-entry key="Default zone¤Population1¤Demo1_recording_2" objectid="108" type="ACTION" value="18d21b4c-c93b-4b3a-a9b7-5a2117041352"/>
<objectids-entry key="Default zone¤Population1¤Demo1_recording_2" objectid="109" type="ACTION" value="856ee768-2631-4dcd-a22e-4f7754ce5df7"/>
<objectids-entry key="Default zone¤Population1¤Demo1_recording_2" objectid="110" type="ACTION" value="7c89b458-1a92-44e8-9e57-a8ffb011700b"/>
<objectids-entry key="Default zone¤Population1¤Demo1_recording_2" objectid="111" type="ACTION" value="38033e77-cf6f-4f91-bec2-5c7f599f4d48"/>
<objectids-entry key="Default zone¤Population1¤Demo1_recording_2" objectid="112" type="HTTP_PAGE" value="fef1f979-7e0a-4b68-b848-aaf6c895be7b"/>
<objectids-entry key="Default zone¤Population1¤Demo1_recording_2" objectid="113" type="ACTION" value="9e74b054-7e48-4489-94f2-b1f3097c712e"/>
<objectids-entry key="Default zone¤Population1¤Demo1_recording_2" objectid="114" type="ACTION" value="06c4aaa2-3284-43bb-b50d-aa170e4b2a07"/>
<objectids-entry key="Default zone¤Population1¤Demo1_recording_2" objectid="115" type="ACTION" value="171d2598-21dd-421f-a2de-fb5e2435e346"/>
<objectids-entry key="Default zone¤Population1¤Demo1_recording_2" objectid="116" type="ACTION" value="174f6a6c-4f36-4f18-8d6e-6e8391422e35"/>
<objectids-entry key="Default zone¤Population1¤Demo1_recording_2" objectid="117" type="ACTION" value="2e0afba7-d3f9-48b0-9bae-4b1e6a3dabf6"/>
<objectids-entry key="Default zone¤Population1¤Demo1_recording_2" objectid="118" type="ACTION" value="7441e1c3-71fd-4067-bbbc-29200ed07075"/>
<objectids-entry key="Default zone¤Population1¤Demo1_recording_2" objectid="119" type="ACTION" value="aaa9bbe7-138f-4cc5-aa08-c19066a67106"/>
<objectids-entry key="Default zone¤Population1¤Demo1_recording_2" objectid="120" type="ACTION" value="ebc62a26-ecd0-47b9-9775-be772833d35d"/>
<objectids-entry key="Default zone¤Population1¤Demo1_recording_2" objectid="121" type="ACTION" value="80ebc5c8-7407-47fd-9a7f-e4d7a2b351c4"/>
<objectids-entry key="Default zone¤Population1¤Demo1_recording_2" objectid="122" type="ACTION" value="0145708a-43aa-4aaa-b984-371aa8e31aee"/>
<objectids-entry key="¤¤" objectid="123" type="MONITORED_HOST" value="NeoLoad"/>
<objectids-entry key="¤¤" objectid="124" type="MONITORCONNECTION" value="NeoLoad$NeoLoad"/>
<objectids-entry key="¤¤" objectid="125" type="MONITOR" value="NeoLoad$NeoLoad$UserLoad"/>
<objectids-entry key="¤¤" objectid="126" type="MONITOR" value="NeoLoad$NeoLoad$throughput"/>
<objectids-entry key="¤¤" objectid="127" type="MONITOR" value="NeoLoad$NeoLoad$Alerts"/>
<objectids-entry key="¤¤" objectid="128" type="MONITOR" value="NeoLoad$NeoLoad$CriticalAlerts"/>
<objectids-entry key="¤¤" objectid="129" type="MONITOR" value="NeoLoad$NeoLoad$WarningAlerts"/>
<objectids-entry key="¤¤" objectid="130" type="MONITOR" value="NeoLoad$NeoLoad$cpu"/>
<objectids-entry key="¤¤" objectid="131" type="THRESHOLD" value="NeoLoad$NeoLoad$a0ff8dc8-4b37-4773-b33c-63e4ced8fafa"/>
<objectids-entry key="¤¤" objectid="132" type="MONITOR" value="NeoLoad$NeoLoad$memory"/>
<objectids-entry key="¤¤" objectid="133" type="THRESHOLD" value="NeoLoad$NeoLoad$a39608a2-ffa8-4bd7-97ef-dd22e3b039a6"/>
<objectids-entry key="¤¤" objectid="134" type="MONITOR" value="NeoLoad$NeoLoad$threadcount"/>
<objectids-entry key="¤¤" objectid="135" type="MONITOR" value="NeoLoad$NeoLoad$connectedlg"/>
<objectids-entry key="¤¤" objectid="136" type="MONITOR" value="NeoLoad$NeoLoad$totallgdisconnections"/>
<objectids-entry key="¤¤" objectid="137" type="THRESHOLD" value="NeoLoad$NeoLoad$a6f654df-9c9c-4e47-beb8-147799f80b27"/>
<objectids-entry key="¤¤" objectid="138" type="MONITOR" value="NeoLoad$NeoLoad$totallgreconnections"/>
<objectids-entry key="¤¤" objectid="139" type="MONITOR" value="NeoLoad$NeoLoad$otcp.NeoLoad"/>
<objectids-entry key="¤¤" objectid="140" type="MONITOR" value="NeoLoad$NeoLoad$tcp.NeoLoad"/>
<objectids-entry key="¤¤" objectid="141" type="MONITOR" value="NeoLoad$NeoLoad$ibytesperinterface~NeoLoad~wlan0"/>
<objectids-entry key="¤¤" objectid="142" type="MONITOR" value="NeoLoad$NeoLoad$obytesperinterface~NeoLoad~wlan0"/>
<objectids-entry key="¤¤" objectid="143" type="MONITOR" value="NeoLoad$NeoLoad$ibytesperinterface~NeoLoad~eth6"/>
<objectids-entry key="¤¤" objectid="144" type="MONITOR" value="NeoLoad$NeoLoad$obytesperinterface~NeoLoad~eth6"/>
<objectids-entry key="¤¤" objectid="145" type="MONITOR" value="NeoLoad$NeoLoad$ibytesperinterface~NeoLoad~eth0"/>
<objectids-entry key="¤¤" objectid="146" type="MONITOR" value="NeoLoad$NeoLoad$obytesperinterface~NeoLoad~eth0"/>
<objectids-entry key="¤¤" objectid="147" type="MONITOR" value="NeoLoad$NeoLoad$ibytesperinterface~NeoLoad~wlan2"/>
<objectids-entry key="¤¤" objectid="148" type="MONITOR" value="NeoLoad$NeoLoad$obytesperinterface~NeoLoad~wlan2"/>
<objectids-entry key="¤¤" objectid="149" type="MONITOR" value="NeoLoad$NeoLoad$nlwebdownload"/>
<objectids-entry key="¤¤" objectid="150" type="MONITOR" value="NeoLoad$NeoLoad$nlwebupload"/>
<objectids-entry key="¤¤" objectid="151" type="MONITOR" value="NeoLoad$NeoLoad$SapUserLoad"/>
<objectids-entry key="¤¤" objectid="152" type="MONITOR" value="NeoLoad$NeoLoad$zoneuserload~Default zone"/>
<objectids-entry key="¤¤" objectid="153" type="MONITOR" value="NeoLoad$NeoLoad$zoneuserloadperpopulation~Default zone~Population1"/>
<objectids-entry key="¤¤" objectid="154" type="MONITOR" value="NeoLoad$NeoLoad$zoneuserloadperpopulation~Default zone~Population1~Demo1_recording_2"/>
<objectids-entry key="¤¤" objectid="155" type="MONITORED_HOST" value="LG localhost:7100"/>
<objectids-entry key="¤¤" objectid="156" type="MONITORCONNECTION" value="LG localhost:7100$NeoLoad"/>
<objectids-entry key="¤¤" objectid="157" type="MONITOR" value="LG localhost:7100$NeoLoad$lgcpu.localhost:7100"/>
<objectids-entry key="¤¤" objectid="158" type="THRESHOLD" value="LG localhost:7100$NeoLoad$23a5ccfc-5f7f-42a2-b63c-c5a7670f9362"/>
<objectids-entry key="¤¤" objectid="159" type="MONITOR" value="LG localhost:7100$NeoLoad$lgmemory.localhost:7100"/>
<objectids-entry key="¤¤" objectid="160" type="THRESHOLD" value="LG localhost:7100$NeoLoad$f046ea29-6552-4824-a979-7273c32db102"/>
<objectids-entry key="¤¤" objectid="161" type="MONITOR" value="LG localhost:7100$NeoLoad$lgthroughput.localhost:7100"/>
<objectids-entry key="¤¤" objectid="162" type="MONITOR" value="LG localhost:7100$NeoLoad$lguserloadperpopulation~localhost:7100"/>
<objectids-entry key="¤¤" objectid="163" type="MONITOR" value="LG localhost:7100$NeoLoad$lgthreadcount.localhost:7100"/>
<objectids-entry key="¤¤" objectid="164" type="MONITOR" value="LG localhost:7100$NeoLoad$lg.jetty.httpclient.threadpool.used.localhost:7100"/>
<objectids-entry key="¤¤" objectid="165" type="MONITOR" value="LG localhost:7100$NeoLoad$lg.jetty.httpclient.taskpool.used.localhost:7100"/>
<objectids-entry key="¤¤" objectid="166" type="THRESHOLD" value="LG localhost:7100$NeoLoad$c0058c3b-bec1-4035-8123-4d904275fef7"/>
<objectids-entry key="¤¤" objectid="167" type="MONITOR" value="LG localhost:7100$NeoLoad$lgdisconnections.localhost:7100"/>
<objectids-entry key="¤¤" objectid="168" type="MONITOR" value="LG localhost:7100$NeoLoad$lgreconnections.localhost:7100"/>
<objectids-entry key="¤¤" objectid="169" type="MONITOR" value="LG localhost:7100$NeoLoad$lgping.localhost:7100"/>
<objectids-entry key="¤¤" objectid="170" type="MONITOR" value="LG localhost:7100$NeoLoad$lgotcp.localhost:7100"/>
<objectids-entry key="¤¤" objectid="171" type="MONITOR" value="LG localhost:7100$NeoLoad$lgtcp.localhost:7100"/>
<objectids-entry key="¤¤" objectid="172" type="MONITOR" value="LG localhost:7100$NeoLoad$lgibytesperinterface~localhost:7100~wlan0"/>
<objectids-entry key="¤¤" objectid="173" type="MONITOR" value="LG localhost:7100$NeoLoad$lgobytesperinterface~localhost:7100~wlan0"/>
<objectids-entry key="¤¤" objectid="174" type="MONITOR" value="LG localhost:7100$NeoLoad$lgibytesperinterface~localhost:7100~eth6"/>
<objectids-entry key="¤¤" objectid="175" type="MONITOR" value="LG localhost:7100$NeoLoad$lgobytesperinterface~localhost:7100~eth6"/>
<objectids-entry key="¤¤" objectid="176" type="MONITOR" value="LG localhost:7100$NeoLoad$lgibytesperinterface~localhost:7100~eth0"/>
<objectids-entry key="¤¤" objectid="177" type="MONITOR" value="LG localhost:7100$NeoLoad$lgobytesperinterface~localhost:7100~eth0"/>
<objectids-entry key="¤¤" objectid="178" type="MONITOR" value="LG localhost:7100$NeoLoad$lgibytesperinterface~localhost:7100~wlan2"/>
<objectids-entry key="¤¤" objectid="179" type="MONITOR" value="LG localhost:7100$NeoLoad$lgobytesperinterface~localhost:7100~wlan2"/>
</objectids-table>
<!--****** DURATION ******-->
<duration value="0"/>
<!--****** AGGREGATION PERIOD ******-->
<aggregation-period value="1000"/>
<!--****** EXTENDED STATISTICS ******-->
<truncated-mean centered-interval="true" percentage="90"/>
<percentile percentage="50"/>
</project>
